id,correctAnswer
102501,A
102502,B
102503,B
102504,D
102505,A
102506,D
102507,B
102508,C
102509,B
102510,C
102511,A
102512,D
102513,D
102514,C
102515,C
102516,D
102517,A
102518,A
102519,D
102520,B
102521,A
102522,B
102523,A
102524,D
102525,D
102526,B
102527,C
102528,D
102529,D
102530,D
102531,B
102532,C
102533,D
102534,A
102535,A
102536,D
102537,D
102538,A
102539,D
102540,B
102541,B
102542,B
102543,B
102544,C
102545,B
102546,C
102547,B
102548,C
102549,D
102550,B
102551,A
102552,B
102553,A
102554,D
102555,B
102556,C
102557,D
102558,D
102559,B
102560,A
102561,A
102562,A
102563,C
102564,A
102565,A
102566,D
102567,B
102568,A
102569,B
102570,C
102571,B
102572,A
102573,D
102574,B
102575,D
102576,C
102577,A
102578,A
102579,D
102580,B
102581,D
102582,D
102583,B
102584,A
102585,A
102586,B
102587,C
102588,B
102589,A
102590,C
102591,B
102592,B
102593,D
102594,A
102595,B
102596,A
102597,B
102598,C
102599,B
102600,C
102601,C
102602,B
102603,B
102604,A
102605,D
102606,C
102607,B
102608,A
102609,D
102610,C
102611,C
102612,D
102613,A
102614,C
102615,D
102616,A
102617,A
102618,D
102619,D
102620,A
102621,C
102622,D
102623,B
102624,B
102625,B
102626,C
102627,A
102628,C
102629,C
102630,A
102631,A
102632,B
102633,A
102634,A
102635,B
102636,A
102637,B
102638,A
102639,D
102640,B
102641,D
102642,D
102643,B
102644,D
102645,A
102646,C
102647,C
102648,D
102649,B
102650,D
102651,D
102652,D
102653,D
102654,D
102655,C
102656,C
102657,B
102658,C
102659,D
102660,C
102661,D
102662,D
102663,C
102664,D
102665,B
102666,C
102667,B
102668,D
102669,B
102670,C
102671,C
102672,B
102673,D
102674,A
102675,C
102676,B
102677,D
102678,C
102679,D
102680,D
102681,D
102682,C
102683,B
102684,C
102685,C
102686,B
102687,A
102688,A
102689,A
102690,A
102691,C
102692,B
102693,C
102694,A
102695,D
102696,C
102697,A
102698,A
102699,D
102700,A
102701,B
102702,B
102703,C
102704,C
102705,C
102706,D
102707,D
102708,D
102709,C
102710,A
102711,C
102712,A
102713,C
102714,C
102715,C
102716,B
102717,B
102718,B
102719,A
102720,B
102721,C
102722,A
102723,A
102724,C
102725,B
102726,D
102727,A
102728,B
102729,C
102730,A
102731,C
102732,A
102733,B
102734,B
102735,A
102736,B
102737,C
102738,A
102739,D
102740,A
102741,D
102742,B
102743,B
102744,D
102745,A
102746,B
102747,D
102748,C
102749,B
102750,A
102751,A
102752,D
102753,D
102754,A
102755,D
102756,A
102757,B
102758,C
102759,C
102760,B
102761,C
102762,A
102763,D
102764,B
102765,C
102766,D
102767,C
102768,A
102769,B
102770,D
102771,C
102772,B
102773,B
102774,D
102775,A
102776,C
102777,B
102778,C
102779,A
102780,B
102781,D
102782,B
102783,A
102784,D
102785,A
102786,B
102787,B
102788,A
102789,D
102790,B
102791,C
102792,A
102793,A
102794,B
102795,D
102796,D
102797,B
102798,D
102799,D
102800,B
102801,D
102802,A
102803,D
102804,D
102805,D
102806,B
102807,D
102808,B
102809,C
102810,A
102811,C
102812,D
102813,D
102814,C
102815,D
102816,B
102817,D
102818,B
102819,D
102820,A
102821,B
102822,B
102823,B
102824,B
102825,B
102826,C
102827,B
102828,D
102829,C
102830,A
102831,D
102832,A
102833,C
102834,B
102835,C
102836,D
102837,C
102838,C
102839,C
102840,B
102841,B
102842,D
102843,A
102844,B
102845,C
102846,B
102847,D
102848,C
102849,B
102850,D
102851,B
102852,A
102853,B
102854,C
102855,B
102856,D
102857,A
102858,A
102859,B
102860,C
102861,C
102862,B
102863,B
102864,C
102865,C
102866,D
102867,D
102868,C
102869,A
102870,A
102871,A
102872,D
102873,D
102874,B
102875,A
102876,C
102877,C
102878,C
102879,D
102880,B
102881,B
102882,D
102883,D
102884,B
102885,D
102886,D
102887,D
102888,B
102889,A
102890,C
102891,D
102892,C
102893,D
102894,D
102895,C
102896,D
102897,A
102898,C
102899,B
102900,B
102901,B
102902,C
102903,C
102904,D
102905,B
102906,D
102907,B
102908,C
102909,A
102910,A
102911,C
102912,D
102913,D
102914,B
102915,C
102916,A
102917,B
102918,D
102919,A
102920,D
102921,B
102922,A
102923,B
102924,C
102925,A
102926,A
102927,C
102928,C
102929,B
102930,C
102931,B
102932,D
102933,C
102934,A
102935,A
102936,B
102937,D
102938,B
102939,B
102940,B
102941,D
102942,A
102943,C
102944,A
102945,D
102946,D
102947,C
102948,D
102949,C
102950,B
102951,B
102952,D
102953,B
102954,D
102955,A
102956,B
102957,D
102958,B
102959,A
102960,B
102961,A
102962,B
102963,B
102964,B
102965,C
102966,C
102967,A
102968,B
102969,D
102970,D
102971,A
102972,A
102973,C
102974,B
102975,B
102976,B
102977,A
102978,D
102979,C
102980,C
102981,D
102982,A
102983,A
102984,D
102985,D
102986,D
102987,A
102988,D
102989,B
102990,B
102991,D
102992,A
102993,C
102994,C
102995,B
102996,A
102997,A
102998,D
102999,A
103000,D
103001,C
103002,D
103003,C
103004,A
103005,C
103006,C
103007,A
103008,D
103009,B
103010,A
103011,A
103012,B
103013,C
103014,B
103015,B
103016,C
103017,C
103018,C
103019,D
103020,A
103021,A
103022,D
103023,C
103024,D
103025,A
103026,B
103027,B
103028,B
103029,B
103030,D
103031,B
103032,C
103033,A
103034,A
103035,A
103036,C
103037,B
103038,A
103039,C
103040,C
103041,B
103042,D
103043,C
103044,A
103045,D
103046,A
103047,D
103048,B
103049,B
103050,C
103051,C
103052,B
103053,D
103054,D
103055,B
103056,C
103057,B
103058,B
103059,C
103060,D
103061,A
103062,C
103063,B
103064,D
103065,A
103066,A
103067,A
103068,A
103069,B
103070,D
103071,D
103072,C
103073,C
103074,D
103075,D
103076,B
103077,A
103078,C
103079,A
103080,D
103081,D
103082,D
103083,A
103084,D
103085,A
103086,A
103087,D
103088,B
103089,B
103090,C
103091,B
103092,A
103093,B
103094,B
103095,D
103096,D
103097,A
103098,B
103099,A
103100,A
103101,B
103102,D
103103,B
103104,A
103105,D
103106,C
103107,B
103108,A
103109,D
103110,B
103111,D
103112,D
103113,B
103114,B
103115,C
103116,B
103117,C
103118,D
103119,D
103120,B
103121,D
103122,D
103123,B
103124,A
103125,C
103126,A
103127,C
103128,A
103129,A
103130,A
103131,D
103132,B
103133,B
103134,D
103135,B
103136,B
103137,B
103138,D
103139,B
103140,D
103141,C
103142,A
103143,D
103144,A
103145,D
103146,A
103147,D
103148,B
103149,A
103150,B
103151,D
103152,A
103153,D
103154,C
103155,B
103156,B
103157,B
103158,C
103159,A
103160,D
103161,C
103162,D
103163,A
103164,A
103165,C
103166,C
103167,D
103168,A
103169,A
103170,C
103171,B
103172,D
103173,D
103174,D
103175,B
103176,D
103177,D
103178,A
103179,C
103180,C
103181,D
103182,C
103183,C
103184,D
103185,D
103186,C
103187,A
103188,D
103189,D
103190,B
103191,B
103192,A
103193,A
103194,B
103195,A
103196,B
103197,C
103198,D
103199,C
103200,A
103201,A
103202,A
103203,B
103204,D
103205,D
103206,A
103207,D
103208,C
103209,A
103210,D
103211,A
103212,B
103213,C
103214,A
103215,B
103216,C
103217,D
103218,C
103219,C
103220,C
103221,C
103222,A
103223,B
103224,A
103225,A
103226,D
103227,D
103228,A
103229,A
103230,D
103231,D
103232,B
103233,C
103234,D
103235,C
103236,C
103237,A
103238,A
103239,A
103240,C
103241,D
103242,D
103243,B
103244,C
103245,A
103246,B
103247,C
103248,B
103249,A
103250,C
103251,A
103252,B
103253,C
103254,D
103255,A
103256,D
103257,C
103258,D
103259,A
103260,A
103261,A
103262,C
103263,B
103264,B
103265,A
103266,A
103267,D
103268,B
103269,C
103270,C
103271,C
103272,C
103273,A
103274,D
103275,B
103276,B
103277,A
103278,D
103279,D
103280,B
103281,B
103282,D
103283,B
103284,A
103285,B
103286,B
103287,D
103288,A
103289,C
103290,A
103291,B
103292,C
103293,B
103294,C
103295,A
103296,B
103297,B
103298,D
103299,C
103300,C
103301,C
103302,A
103303,D
103304,C
103305,B
103306,B
103307,B
103308,D
103309,D
103310,A
103311,A
103312,B
103313,C
103314,A
103315,D
103316,A
103317,D
103318,D
103319,B
103320,C
103321,D
103322,C
103323,C
103324,A
103325,B
103326,C
103327,D
103328,D
103329,D
103330,B
103331,D
103332,D
103333,B
103334,C
103335,C
103336,A
103337,A
103338,D
103339,D
103340,B
103341,A
103342,A
103343,D
103344,A
103345,D
103346,D
103347,C
103348,A
103349,A
103350,B
103351,D
103352,A
103353,B
103354,D
103355,C
103356,B
103357,A
103358,B
103359,B
103360,C
103361,C
103362,A
103363,B
103364,D
103365,B
103366,D
103367,A
103368,B
103369,D
103370,D
103371,A
103372,C
103373,D
103374,B
103375,A
103376,C
103377,A
103378,C
103379,C
103380,A
103381,A
103382,B
103383,C
103384,A
103385,A
103386,A
103387,A
103388,B
103389,C
103390,D
103391,D
103392,C
103393,D
103394,B
103395,B
103396,D
103397,C
103398,C
103399,C
103400,A
103401,B
103402,C
103403,C
103404,B
103405,D
103406,B
103407,C
103408,D
103409,C
103410,B
103411,A
103412,A
103413,B
103414,D
103415,B
103416,A
103417,B
103418,D
103419,A
103420,A
103421,D
103422,C
103423,A
103424,B
103425,A
103426,D
103427,B
103428,D
103429,B
103430,D
103431,A
103432,D
103433,B
103434,D
103435,B
103436,A
103437,C
103438,C
103439,A
103440,A
103441,C
103442,B
103443,D
103444,C
103445,C
103446,D
103447,A
103448,B
103449,B
103450,B
103451,A
103452,C
103453,A
103454,B
103455,B
103456,D
103457,C
103458,D
103459,C
103460,B
103461,A
103462,D
103463,B
103464,D
103465,B
103466,D
103467,C
103468,C
103469,C
103470,A
103471,A
103472,B
103473,B
103474,C
103475,D
103476,C
103477,A
103478,B
103479,D
103480,D
103481,A
103482,B
103483,B
103484,B
103485,D
103486,C
103487,D
103488,B
103489,A
103490,C
103491,B
103492,C
103493,A
103494,B
103495,C
103496,B
103497,C
103498,A
103499,C
103500,A
103501,A
103502,B
103503,A
103504,C
103505,C
103506,A
103507,D
103508,D
103509,D
103510,C
103511,B
103512,D
103513,D
103514,A
103515,D
103516,C
103517,C
103518,C
103519,C
103520,A
103521,C
103522,A
103523,A
103524,D
103525,C
103526,A
103527,D
103528,D
103529,D
103530,D
103531,A
103532,D
103533,C
103534,D
103535,B
103536,C
103537,A
103538,C
103539,D
103540,D
103541,B
103542,B
103543,D
103544,D
103545,B
103546,B
103547,D
103548,C
103549,A
103550,D
103551,A
103552,C
103553,A
103554,D
103555,C
103556,D
103557,C
103558,D
103559,B
103560,A
103561,C
103562,A
103563,C
103564,B
103565,C
103566,B
103567,D
103568,C
103569,C
103570,D
103571,B
103572,A
103573,D
103574,B
103575,B
103576,B
103577,B
103578,A
103579,A
103580,D
103581,C
103582,C
103583,B
103584,A
103585,A
103586,C
103587,C
103588,D
103589,C
103590,B
103591,C
103592,A
103593,C
103594,B
103595,D
103596,A
103597,A
103598,A
103599,B
103600,A
103601,A
103602,C
103603,C
103604,A
103605,C
103606,D
103607,B
103608,C
103609,B
103610,B
103611,B
103612,C
103613,B
103614,A
103615,A
103616,D
103617,C
103618,D
103619,A
103620,A
103621,C
103622,D
103623,B
103624,D
103625,B
103626,D
103627,A
103628,D
103629,D
103630,D
103631,D
103632,C
103633,A
103634,D
103635,A
103636,D
103637,C
103638,D
103639,B
103640,A
103641,D
103642,D
103643,A
103644,B
103645,D
103646,D
103647,D
103648,B
103649,C
103650,B
103651,C
103652,D
103653,D
103654,A
103655,C
103656,D
103657,A
103658,D
103659,A
103660,A
103661,B
103662,C
103663,B
103664,A
103665,D
103666,A
103667,D
103668,B
103669,C
103670,D
103671,C
103672,A
103673,C
103674,B
103675,A
103676,A
103677,B
103678,C
103679,B
103680,A
103681,D
103682,B
103683,A
103684,A
103685,A
103686,A
103687,D
103688,A
103689,A
103690,A
103691,C
103692,A
103693,B
103694,A
103695,D
103696,C
103697,A
103698,A
103699,B
103700,C
103701,C
103702,C
103703,A
103704,A
103705,A
103706,A
103707,C
103708,A
103709,D
103710,B
103711,C
103712,D
103713,C
103714,A
103715,D
103716,C
103717,A
103718,A
103719,D
103720,C
103721,A
103722,C
103723,D
103724,B
103725,B
103726,A
103727,B
103728,A
103729,A
103730,D
103731,C
103732,B
103733,D
103734,C
103735,D
103736,D
103737,D
103738,D
103739,B
103740,D
103741,D
103742,D
103743,B
103744,A
103745,A
103746,C
103747,D
103748,C
103749,D
103750,C
103751,A
103752,D
103753,C
103754,B
103755,C
103756,B
103757,B
103758,C
103759,A
103760,D
103761,A
103762,B
103763,B
103764,C
103765,A
103766,D
103767,C
103768,B
103769,B
103770,D
103771,A
103772,A
103773,D
103774,D
103775,A
103776,B
103777,C
103778,C
103779,B
103780,C
103781,A
103782,B
103783,C
103784,C
103785,C
103786,D
103787,C
103788,A
103789,D
103790,A
103791,C
103792,C
103793,A
103794,A
103795,A
103796,A
103797,D
103798,A
103799,A
103800,B
103801,B
103802,B
103803,B
103804,C
103805,C
103806,B
103807,B
103808,D
103809,C
103810,C
103811,B
103812,A
103813,D
103814,B
103815,D
103816,C
103817,B
103818,D
103819,B
103820,D
103821,A
103822,A
103823,B
103824,C
103825,B
103826,B
103827,C
103828,A
103829,B
103830,A
103831,B
103832,D
103833,D
103834,C
103835,C
103836,B
103837,B
103838,B
103839,C
103840,B
103841,B
103842,C
103843,C
103844,B
103845,C
103846,A
103847,A
103848,B
103849,C
103850,A
103851,A
103852,C
103853,C
103854,C
103855,B
103856,B
103857,A
103858,C
103859,B
103860,A
103861,C
103862,C
103863,B
103864,B
103865,A
103866,D
103867,C
103868,A
103869,D
103870,B
103871,C
103872,C
103873,A
103874,A
103875,B
103876,A
103877,C
103878,A
103879,A
103880,A
103881,C
103882,A
103883,B
103884,A
103885,D
103886,D
103887,D
103888,A
103889,B
103890,A
103891,B
103892,C
103893,C
103894,B
103895,B
103896,B
103897,B
103898,C
103899,C
103900,B
103901,C
103902,D
103903,B
103904,A
103905,A
103906,B
103907,B
103908,B
103909,D
103910,B
103911,A
103912,C
103913,B
103914,D
103915,B
103916,A
103917,B
103918,D
103919,B
103920,B
103921,C
103922,B
103923,B
103924,D
103925,A
103926,C
103927,C
103928,A
103929,D
103930,C
103931,B
103932,A
103933,C
103934,A
103935,A
103936,B
103937,D
103938,A
103939,C
103940,B
103941,B
103942,D
103943,D
103944,B
103945,A
103946,B
103947,D
103948,D
103949,C
103950,C
103951,D
103952,C
103953,C
103954,C
103955,A
103956,B
103957,A
103958,A
103959,C
103960,A
103961,C
103962,C
103963,B
103964,B
103965,C
103966,D
103967,C
103968,D
103969,D
103970,C
103971,C
103972,B
103973,C
103974,D
103975,A
103976,A
103977,A
103978,D
103979,B
103980,D
103981,D
103982,D
103983,D
103984,D
103985,C
103986,A
103987,A
103988,A
103989,B
103990,C
103991,D
103992,A
103993,B
103994,A
103995,D
103996,D
103997,D
103998,B
103999,B
104000,B
104001,B
104002,D
104003,C
104004,C
104005,A
104006,D
104007,D
104008,B
104009,A
104010,D
104011,A
104012,C
104013,C
104014,D
104015,D
104016,C
104017,A
104018,C
104019,B
104020,B
104021,A
104022,C
104023,C
104024,D
104025,C
104026,D
104027,A
104028,A
104029,C
104030,B
104031,C
104032,C
104033,A
104034,C
104035,C
104036,A
104037,C
104038,B
104039,B
104040,A
104041,A
104042,B
104043,B
104044,D
104045,B
104046,D
104047,C
104048,A
104049,A
104050,D
104051,A
104052,D
104053,B
104054,A
104055,C
104056,B
104057,D
104058,B
104059,D
104060,C
104061,D
104062,D
104063,A
104064,C
104065,C
104066,C
104067,C
104068,D
104069,C
104070,D
104071,B
104072,B
104073,D
104074,C
104075,D
104076,A
104077,B
104078,D
104079,C
104080,D
104081,C
104082,D
104083,D
104084,B
104085,C
104086,D
104087,D
104088,A
104089,B
104090,A
104091,C
104092,B
104093,B
104094,A
104095,A
104096,A
104097,D
104098,D
104099,B
104100,B
104101,A
104102,C
104103,C
104104,B
104105,B
104106,D
104107,B
104108,B
104109,C
104110,B
104111,B
104112,D
104113,A
104114,A
104115,A
104116,C
104117,C
104118,C
104119,C
104120,B
104121,D
104122,D
104123,B
104124,B
104125,A
104126,A
104127,D
104128,A
104129,B
104130,B
104131,D
104132,A
104133,C
104134,B
104135,C
104136,C
104137,D
104138,C
104139,C
104140,C
104141,D
104142,C
104143,A
104144,C
104145,A
104146,D
104147,B
104148,D
104149,D
104150,B
104151,D
104152,A
104153,B
104154,A
104155,C
104156,C
104157,C
104158,B
104159,D
104160,B
104161,D
104162,D
104163,B
104164,D
104165,B
104166,D
104167,D
104168,A
104169,B
104170,C
104171,D
104172,D
104173,B
104174,A
104175,C
104176,C
104177,A
104178,D
104179,B
104180,D
104181,D
104182,B
104183,A
104184,A
104185,A
104186,A
104187,B
104188,B
104189,D
104190,A
104191,B
104192,D
104193,C
104194,A
104195,D
104196,D
104197,C
104198,C
104199,D
104200,D
104201,B
104202,D
104203,B
104204,B
104205,D
104206,A
104207,D
104208,B
104209,C
104210,B
104211,D
104212,B
104213,B
104214,A
104215,D
104216,B
104217,B
104218,A
104219,D
104220,B
104221,B
104222,D
104223,B
104224,C
104225,D
104226,B
104227,B
104228,C
104229,A
104230,A
104231,A
104232,A
104233,B
104234,C
104235,A
104236,A
104237,A
104238,B
104239,C
104240,B
104241,B
104242,C
104243,B
104244,D
104245,A
104246,B
104247,C
104248,A
104249,D
104250,D
104251,A
104252,D
104253,B
104254,B
104255,D
104256,C
104257,D
104258,B
104259,A
104260,B
104261,D
104262,D
104263,C
104264,C
104265,C
104266,C
104267,D
104268,C
104269,D
104270,C
104271,A
104272,A
104273,A
104274,D
104275,A
104276,B
104277,A
104278,B
104279,B
104280,A
104281,C
104282,C
104283,A
104284,C
104285,A
104286,C
104287,C
104288,A
104289,A
104290,D
104291,D
104292,A
104293,B
104294,C
104295,D
104296,B
104297,D
104298,B
104299,B
104300,A
104301,C
104302,A
104303,D
104304,A
104305,C
104306,B
104307,B
104308,C
104309,C
104310,C
104311,C
104312,C
104313,A
104314,B
104315,A
104316,B
104317,C
104318,A
104319,A
104320,A
104321,D
104322,B
104323,B
104324,D
104325,D
104326,D
104327,D
104328,B
104329,D
104330,A
104331,D
104332,C
104333,D
104334,B
104335,D
104336,D
104337,B
104338,C
104339,B
104340,A
104341,D
104342,A
104343,B
104344,D
104345,C
104346,C
104347,D
104348,D
104349,D
104350,B
104351,C
104352,C
104353,C
104354,B
104355,C
104356,D
104357,B
104358,C
104359,C
104360,D
104361,D
104362,D
104363,A
104364,B
104365,C
104366,C
104367,D
104368,A
104369,C
104370,A
104371,C
104372,D
104373,C
104374,B
104375,C
104376,A
104377,B
104378,D
104379,D
104380,A
104381,B
104382,A
104383,B
104384,D
104385,C
104386,D
104387,D
104388,D
104389,D
104390,B
104391,C
104392,A
104393,C
104394,C
104395,A
104396,B
104397,D
104398,B
104399,A
104400,A
104401,A
104402,D
104403,B
104404,A
104405,C
104406,C
104407,B
104408,A
104409,D
104410,C
104411,A
104412,A
104413,B
104414,A
104415,C
104416,B
104417,C
104418,C
104419,B
104420,B
104421,C
104422,D
104423,B
104424,C
104425,C
104426,C
104427,B
104428,B
104429,C
104430,C
104431,A
104432,A
104433,A
104434,C
104435,D
104436,C
104437,B
104438,B
104439,A
104440,B
104441,A
104442,A
104443,B
104444,A
104445,B
104446,C
104447,A
104448,C
104449,C
104450,A
104451,A
104452,B
104453,C
104454,B
104455,D
104456,B
104457,B
104458,C
104459,A
104460,B
104461,D
104462,A
104463,C
104464,B
104465,B
104466,A
104467,B
104468,B
104469,A
104470,B
104471,A
104472,B
104473,D
104474,C
104475,C
104476,C
104477,D
104478,C
104479,D
104480,D
104481,B
104482,A
104483,A
104484,B
104485,B
104486,C
104487,C
104488,B
104489,D
104490,D
104491,B
104492,B
104493,A
104494,A
104495,A
104496,B
104497,A
104498,D
104499,B
104500,A
104501,B
104502,B
104503,C
104504,C
104505,C
104506,A
104507,B
104508,A
104509,A
104510,B
104511,B
104512,C
104513,A
104514,B
104515,A
104516,B
104517,D
104518,A
104519,C
104520,B
104521,C
104522,C
104523,D
104524,A
104525,C
104526,A
104527,B
104528,A
104529,B
104530,A
104531,A
104532,B
104533,B
104534,D
104535,A
104536,B
104537,A
104538,C
104539,D
104540,C
104541,D
104542,A
104543,A
104544,D
104545,B
104546,B
104547,D
104548,C
104549,D
104550,B
104551,B
104552,C
104553,B
104554,C
104555,C
104556,D
104557,D
104558,A
104559,D
104560,C
104561,B
104562,A
104563,D
104564,B
104565,D
104566,D
104567,C
104568,B
104569,D
104570,A
104571,D
104572,C
104573,D
104574,D
104575,C
104576,B
104577,D
104578,A
104579,B
104580,C
104581,B
104582,A
104583,B
104584,B
104585,C
104586,C
104587,B
104588,B
104589,C
104590,D
104591,D
104592,C
104593,C
104594,C
104595,D
104596,C
104597,D
104598,A
104599,C
104600,C
104601,D
104602,B
104603,C
104604,D
104605,A
104606,D
104607,C
104608,A
104609,A
104610,A
104611,C
104612,B
104613,B
104614,B
104615,D
104616,B
104617,D
104618,D
104619,B
104620,D
104621,B
104622,A
104623,A
104624,D
104625,D
104626,D
104627,A
104628,B
104629,D
104630,C
104631,D
104632,D
104633,D
104634,D
104635,D
104636,C
104637,C
104638,C
104639,C
104640,D
104641,B
104642,D
104643,D
104644,A
104645,C
104646,B
104647,C
104648,D
104649,A
104650,B
104651,A
104652,C
104653,A
104654,D
104655,B
104656,D
104657,A
104658,B
104659,B
104660,A
104661,B
104662,B
104663,D
104664,C
104665,B
104666,A
104667,B
104668,D
104669,B
104670,A
104671,C
104672,B
104673,B
104674,A
104675,C
104676,B
104677,B
104678,A
104679,C
104680,D
104681,D
104682,B
104683,B
104684,C
104685,C
104686,A
104687,C
104688,B
104689,C
104690,B
104691,A
104692,C
104693,D
104694,D
104695,D
104696,D
104697,A
104698,A
104699,B
104700,B
104701,A
104702,D
104703,A
104704,D
104705,A
104706,B
104707,D
104708,C
104709,C
104710,B
104711,A
104712,C
104713,B
104714,C
104715,C
104716,A
104717,B
104718,A
104719,C
104720,A
104721,C
104722,A
104723,B
104724,A
104725,A
104726,D
104727,D
104728,C
104729,B
104730,B
104731,B
104732,B
104733,C
104734,A
104735,D
104736,D
104737,B
104738,B
104739,B
104740,B
104741,B
104742,C
104743,B
104744,B
104745,B
104746,C
104747,B
104748,C
104749,A
104750,A
104751,B
104752,C
104753,B
104754,B
104755,D
104756,B
104757,B
104758,D
104759,C
104760,C
104761,C
104762,B
104763,C
104764,B
104765,B
104766,D
104767,D
104768,C
104769,A
104770,B
104771,B
104772,C
104773,A
104774,C
104775,A
104776,B
104777,B
104778,D
104779,C
104780,C
104781,C
104782,C
104783,A
104784,C
104785,A
104786,C
104787,D
104788,D
104789,D
104790,A
104791,C
104792,B
104793,B
104794,A
104795,C
104796,D
104797,D
104798,D
104799,A
104800,A
104801,A
104802,A
104803,B
104804,A
104805,B
104806,A
104807,B
104808,C
104809,B
104810,C
104811,A
104812,C
104813,C
104814,A
104815,B
104816,A
104817,C
104818,B
104819,A
104820,B
104821,A
104822,D
104823,D
104824,C
104825,B
104826,D
104827,A
104828,A
104829,B
104830,D
104831,B
104832,C
104833,B
104834,D
104835,A
104836,D
104837,A
104838,D
104839,A
104840,A
104841,C
104842,C
104843,A
104844,A
104845,C
104846,A
104847,B
104848,C
104849,B
104850,C
104851,D
104852,B
104853,C
104854,A
104855,A
104856,C
104857,C
104858,C
104859,C
104860,A
104861,A
104862,D
104863,D
104864,A
104865,B
104866,B
104867,C
104868,D
104869,A
104870,A
104871,D
104872,C
104873,A
104874,C
104875,C
104876,B
104877,A
104878,D
104879,C
104880,C
104881,A
104882,D
104883,A
104884,C
104885,A
104886,C
104887,A
104888,B
104889,C
104890,D
104891,D
104892,D
104893,B
104894,D
104895,B
104896,A
104897,C
104898,B
104899,A
104900,B
104901,A
104902,C
104903,A
104904,B
104905,B
104906,A
104907,D
104908,D
104909,D
104910,A
104911,D
104912,A
104913,A
104914,D
104915,B
104916,D
104917,B
104918,C
104919,D
104920,D
104921,C
104922,B
104923,D
104924,D
104925,D
104926,B
104927,D
104928,C
104929,C
104930,B
104931,C
104932,B
104933,A
104934,D
104935,D
104936,B
104937,D
104938,A
104939,D
104940,C
104941,B
104942,B
104943,D
104944,B
104945,B
104946,C
104947,B
104948,C
104949,B
104950,A
104951,B
104952,D
104953,A
104954,C
104955,C
104956,D
104957,D
104958,B
104959,B
104960,B
104961,D
104962,C
104963,D
104964,B
104965,C
104966,C
104967,C
104968,D
104969,C
104970,A
104971,B
104972,B
104973,D
104974,B
104975,A
104976,C
104977,C
104978,B
104979,D
104980,A
104981,D
104982,C
104983,A
104984,B
104985,D
104986,A
104987,A
104988,C
104989,A
104990,C
104991,D
104992,B
104993,C
104994,B
104995,A
104996,A
104997,B
104998,A
104999,B
105000,D
105001,D
105002,D
105003,D
105004,D
105005,C
105006,B
105007,D
105008,B
105009,A
105010,D
105011,A
105012,D
105013,A
105014,C
105015,C
105016,A
105017,C
105018,D
105019,D
105020,C
105021,D
105022,B
105023,A
105024,B
105025,D
105026,B
105027,C
105028,C
105029,A
105030,D
105031,A
105032,C
105033,D
105034,A
105035,C
105036,C
105037,A
105038,D
105039,A
105040,B
105041,D
105042,C
105043,A
105044,A
105045,B
105046,B
105047,C
105048,C
105049,A
105050,C
105051,C
105052,C
105053,C
105054,D
105055,B
105056,B
105057,D
105058,D
105059,D
105060,C
105061,D
105062,A
105063,C
105064,D
105065,B
105066,D
105067,B
105068,C
105069,C
105070,D
105071,B
105072,C
105073,D
105074,B
105075,B
105076,D
105077,A
105078,D
105079,D
105080,A
105081,C
105082,B
105083,B
105084,D
105085,D
105086,B
105087,B
105088,C
105089,D
105090,A
105091,D
105092,C
105093,C
105094,D
105095,A
105096,B
105097,B
105098,B
105099,B
105100,D
105101,A
105102,A
105103,D
105104,C
105105,B
105106,B
105107,D
105108,B
105109,B
105110,A
105111,A
105112,D
105113,A
105114,A
105115,B
105116,A
105117,A
105118,C
105119,B
105120,B
105121,D
105122,B
105123,D
105124,C
105125,C
105126,D
105127,C
105128,D
105129,B
105130,A
105131,D
105132,A
105133,C
105134,C
105135,A
105136,C
105137,A
105138,B
105139,B
105140,C
105141,D
105142,C
105143,B
105144,C
105145,B
105146,D
105147,D
105148,C
105149,B
105150,A
105151,C
105152,C
105153,D
105154,D
105155,C
105156,B
105157,D
105158,A
105159,A
105160,C
105161,D
105162,D
105163,B
105164,D
105165,B
105166,B
105167,B
105168,C
105169,B
105170,D
105171,B
105172,B
105173,A
105174,D
105175,D
105176,B
105177,C
105178,C
105179,B
105180,C
105181,C
105182,D
105183,D
105184,C
105185,B
105186,C
105187,D
105188,B
105189,A
105190,D
105191,A
105192,A
105193,B
105194,A
105195,C
105196,C
105197,B
105198,C
105199,D
105200,D
105201,D
105202,B
105203,A
105204,B
105205,A
105206,C
105207,D
105208,D
105209,B
105210,A
105211,B
105212,C
105213,A
105214,C
105215,B
105216,B
105217,A
105218,C
105219,B
105220,A
105221,A
105222,C
105223,B
105224,B
105225,D
105226,D
105227,C
105228,D
105229,A
105230,B
105231,D
105232,C
105233,D
105234,D
105235,C
105236,C
105237,D
105238,D
105239,A
105240,C
105241,D
105242,C
105243,B
105244,B
105245,C
105246,C
105247,A
105248,D
105249,D
105250,C
105251,D
105252,A
105253,D
105254,C
105255,A
105256,B
105257,A
105258,D
105259,A
105260,D
105261,A
105262,B
105263,C
105264,D
105265,A
105266,B
105267,D
105268,A
105269,A
105270,A
105271,A
105272,D
105273,A
105274,C
105275,A
105276,B
105277,A
105278,B
105279,D
105280,B
105281,D
105282,B
105283,C
105284,D
105285,A
105286,B
105287,D
105288,C
105289,C
105290,B
105291,C
105292,C
105293,C
105294,B
105295,C
105296,D
105297,D
105298,B
105299,D
105300,D
105301,A
105302,D
105303,C
105304,A
105305,B
105306,B
105307,A
105308,C
105309,B
105310,B
105311,A
105312,A
105313,B
105314,B
105315,C
105316,A
105317,A
105318,B
105319,D
105320,D
105321,C
105322,D
105323,A
105324,B
105325,C
105326,D
105327,A
105328,A
105329,B
105330,C
105331,C
105332,B
105333,C
105334,D
105335,C
105336,D
105337,D
105338,D
105339,B
105340,C
105341,B
105342,D
105343,B
105344,B
105345,A
105346,D
105347,D
105348,B
105349,C
105350,B
105351,A
105352,D
105353,C
105354,D
105355,C
105356,D
105357,D
105358,C
105359,C
105360,C
105361,A
105362,D
105363,B
105364,A
105365,D
105366,D
105367,D
105368,B
105369,D
105370,C
105371,D
105372,B
105373,A
105374,D
105375,D
105376,D
105377,C
105378,D
105379,A
105380,A
105381,A
105382,B
105383,B
105384,A
105385,A
105386,A
105387,D
105388,B
105389,D
105390,A
105391,B
105392,D
105393,D
105394,C
105395,C
105396,C
105397,A
105398,C
105399,D
105400,C
105401,A
105402,B
105403,C
105404,A
105405,B
105406,B
105407,D
105408,A
105409,B
105410,B
105411,B
105412,D
105413,B
105414,C
105415,B
105416,C
105417,D
105418,A
105419,D
105420,C
105421,A
105422,C
105423,C
105424,D
105425,B
105426,D
105427,C
105428,D
105429,C
105430,D
105431,A
105432,C
105433,D
105434,D
105435,C
105436,D
105437,C
105438,B
105439,A
105440,C
105441,D
105442,B
105443,B
105444,B
105445,B
105446,B
105447,D
105448,A
105449,C
105450,A
105451,D
105452,C
105453,C
105454,A
105455,B
105456,B
105457,C
105458,A
105459,B
105460,B
105461,D
105462,B
105463,B
105464,B
105465,A
105466,C
105467,B
105468,D
105469,B
105470,D
105471,C
105472,B
105473,D
105474,D
105475,B
105476,A
105477,B
105478,A
105479,A
105480,B
105481,A
105482,C
105483,B
105484,C
105485,A
105486,A
105487,C
105488,C
105489,B
105490,C
105491,B
105492,B
105493,D
105494,B
105495,B
105496,A
105497,A
105498,A
105499,C
105500,C
105501,B
105502,B
105503,A
105504,D
105505,C
105506,B
105507,B
105508,B
105509,C
105510,B
105511,D
105512,B
105513,A
105514,A
105515,D
105516,B
105517,D
105518,A
105519,A
105520,C
105521,B
105522,D
105523,B
105524,B
105525,D
105526,D
105527,D
105528,A
105529,A
105530,A
105531,A
105532,C
105533,D
105534,C
105535,D
105536,A
105537,D
105538,C
105539,D
105540,B
105541,A
105542,B
105543,D
105544,C
105545,C
105546,B
105547,A
105548,D
105549,B
105550,B
105551,A
105552,D
105553,A
105554,A
105555,D
105556,A
105557,C
105558,C
105559,C
105560,B
105561,B
105562,C
105563,D
105564,C
105565,D
105566,B
105567,D
105568,A
105569,D
105570,A
105571,C
105572,C
105573,A
105574,C
105575,C
105576,A
105577,D
105578,C
105579,C
105580,D
105581,A
105582,D
105583,A
105584,D
105585,C
105586,C
105587,B
105588,D
105589,B
105590,C
105591,A
105592,D
105593,A
105594,B
105595,B
105596,A
105597,C
105598,C
105599,D
105600,B
105601,D
105602,C
105603,D
105604,D
105605,B
105606,C
105607,A
105608,D
105609,B
105610,B
105611,A
105612,A
105613,D
105614,B
105615,C
105616,C
105617,C
105618,A
105619,C
105620,D
105621,B
105622,B
105623,D
105624,D
105625,B
105626,B
105627,D
105628,D
105629,C
105630,C
105631,B
105632,C
105633,C
105634,D
105635,D
105636,C
105637,A
105638,C
105639,B
105640,C
105641,A
105642,A
105643,B
105644,B
105645,C
105646,C
105647,B
105648,C
105649,D
105650,D
105651,A
105652,A
105653,A
105654,A
105655,A
105656,B
105657,C
105658,B
105659,C
105660,B
105661,A
105662,B
105663,B
105664,C
105665,C
105666,D
105667,D
105668,A
105669,D
105670,C
105671,D
105672,B
105673,A
105674,A
105675,A
105676,D
105677,D
105678,D
105679,A
105680,C
105681,D
105682,B
105683,B
105684,D
105685,D
105686,B
105687,C
105688,D
105689,C
105690,C
105691,A
105692,A
105693,D
105694,D
105695,D
105696,B
105697,C
105698,B
105699,C
105700,A
105701,B
105702,C
105703,A
105704,A
105705,B
105706,A
105707,D
105708,C
105709,A
105710,B
105711,D
105712,A
105713,C
105714,A
105715,A
105716,C
105717,D
105718,D
105719,C
105720,D
105721,C
105722,D
105723,B
105724,D
105725,C
105726,D
105727,D
105728,D
105729,C
105730,D
105731,D
105732,C
105733,C
105734,B
105735,D
105736,B
105737,B
105738,D
105739,B
105740,A
105741,C
105742,D
105743,B
105744,A
105745,A
105746,D
105747,D
105748,C
105749,B
105750,D
105751,B
105752,D
105753,B
105754,D
105755,C
105756,C
105757,A
105758,B
105759,C
105760,D
105761,C
105762,B
105763,C
105764,A
105765,B
105766,A
105767,D
105768,A
105769,C
105770,D
105771,C
105772,D
105773,B
105774,C
105775,B
105776,A
105777,B
105778,D
105779,A
105780,D
105781,A
105782,D
105783,D
105784,A
105785,D
105786,C
105787,C
105788,C
105789,A
105790,A
105791,C
105792,D
105793,C
105794,C
105795,B
105796,D
105797,A
105798,D
105799,B
105800,D
105801,D
105802,B
105803,A
105804,A
105805,D
105806,C
105807,B
105808,B
105809,D
105810,C
105811,D
105812,D
105813,A
105814,B
105815,A
105816,A
105817,A
105818,C
105819,A
105820,D
105821,A
105822,A
105823,D
105824,A
105825,C
105826,C
105827,B
105828,A
105829,C
105830,A
105831,C
105832,C
105833,A
105834,C
105835,B
105836,B
105837,A
105838,A
105839,D
105840,D
105841,A
105842,A
105843,D
105844,C
105845,B
105846,C
105847,C
105848,B
105849,B
105850,A
105851,B
105852,D
105853,D
105854,D
105855,D
105856,A
105857,C
105858,A
105859,C
105860,B
105861,C
105862,D
105863,A
105864,D
105865,A
105866,C
105867,C
105868,A
105869,C
105870,C
105871,D
105872,B
105873,D
105874,B
105875,B
105876,D
105877,B
105878,A
105879,C
105880,C
105881,C
105882,D
105883,D
105884,B
105885,D
105886,B
105887,A
105888,B
105889,A
105890,C
105891,C
105892,A
105893,D
105894,B
105895,A
105896,D
105897,B
105898,A
105899,D
105900,D
105901,D
105902,C
105903,D
105904,A
105905,A
105906,A
105907,B
105908,B
105909,A
105910,C
105911,A
105912,A
105913,C
105914,C
105915,A
105916,B
105917,B
105918,B
105919,B
105920,A
105921,D
105922,B
105923,D
105924,B
105925,B
105926,C
105927,C
105928,A
105929,A
105930,C
105931,D
105932,B
105933,C
105934,A
105935,C
105936,C
105937,B
105938,C
105939,C
105940,B
105941,A
105942,B
105943,D
105944,A
105945,D
105946,D
105947,B
105948,A
105949,A
105950,D
105951,A
105952,D
105953,D
105954,A
105955,C
105956,B
105957,C
105958,D
105959,B
105960,C
105961,B
105962,A
105963,D
105964,B
105965,B
105966,B
105967,D
105968,C
105969,A
105970,B
105971,A
105972,C
105973,C
105974,D
105975,C
105976,D
105977,A
105978,A
105979,C
105980,D
105981,A
105982,B
105983,D
105984,B
105985,A
105986,A
105987,B
105988,B
105989,C
105990,B
105991,C
105992,D
105993,B
105994,D
105995,A
105996,B
105997,C
105998,A
105999,B
106000,B
106001,A
106002,B
106003,C
106004,D
106005,A
106006,A
106007,C
106008,B
106009,A
106010,B
106011,B
106012,A
106013,D
106014,D
106015,A
106016,A
106017,A
106018,B
106019,C
106020,D
106021,D
106022,C
106023,A
106024,D
106025,A
106026,A
106027,A
106028,A
106029,D
106030,D
106031,A
106032,B
106033,B
106034,A
106035,A
106036,C
106037,D
106038,D
106039,B
106040,B
106041,D
106042,A
106043,A
106044,B
106045,A
106046,D
106047,C
106048,A
106049,D
106050,B
106051,D
106052,A
106053,A
106054,D
106055,B
106056,A
106057,D
106058,D
106059,C
106060,D
106061,A
106062,A
106063,B
106064,B
106065,A
106066,B
106067,D
106068,D
106069,A
106070,A
106071,C
106072,B
106073,D
106074,A
106075,B
106076,A
106077,C
106078,D
106079,A
106080,D
106081,D
106082,C
106083,C
106084,B
106085,D
106086,D
106087,B
106088,A
106089,A
106090,B
106091,A
106092,C
106093,A
106094,D
106095,D
106096,A
106097,D
106098,B
106099,B
106100,C
106101,C
106102,C
106103,B
106104,C
106105,D
106106,B
106107,A
106108,B
106109,B
106110,B
106111,D
106112,A
106113,A
106114,C
106115,C
106116,C
106117,B
106118,C
106119,D
106120,B
106121,A
106122,D
106123,B
106124,B
106125,A
106126,A
106127,A
106128,B
106129,D
106130,A
106131,C
106132,C
106133,B
106134,C
106135,D
106136,D
106137,B
106138,D
106139,A
106140,A
106141,A
106142,B
106143,A
106144,D
106145,D
106146,C
106147,B
106148,C
106149,A
106150,D
106151,D
106152,A
106153,D
106154,A
106155,B
106156,A
106157,C
106158,D
106159,C
106160,B
106161,B
106162,C
106163,A
106164,C
106165,D
106166,D
106167,D
106168,C
106169,B
106170,D
106171,D
106172,C
106173,B
106174,C
106175,D
106176,C
106177,D
106178,C
106179,D
106180,D
106181,A
106182,B
106183,C
106184,D
106185,C
106186,B
106187,A
106188,A
106189,A
106190,A
106191,B
106192,A
106193,C
106194,A
106195,A
106196,C
106197,A
106198,D
106199,B
106200,C
106201,D
106202,A
106203,B
106204,A
106205,D
106206,B
106207,B
106208,B
106209,B
106210,C
106211,C
106212,C
106213,C
106214,B
106215,C
106216,D
106217,C
106218,A
106219,C
106220,B
106221,A
106222,D
106223,B
106224,C
106225,D
106226,A
106227,B
106228,A
106229,A
106230,B
106231,A
106232,D
106233,B
106234,D
106235,A
106236,B
106237,A
106238,B
106239,B
106240,D
106241,B
106242,B
106243,D
106244,D
106245,C
106246,B
106247,B
106248,C
106249,B
106250,C
106251,B
106252,A
106253,B
106254,B
106255,D
106256,D
106257,D
106258,C
106259,B
106260,A
106261,C
106262,C
106263,D
106264,A
106265,C
106266,B
106267,B
106268,A
106269,C
106270,D
106271,C
106272,B
106273,A
106274,C
106275,D
106276,D
106277,B
106278,D
106279,B
106280,A
106281,B
106282,D
106283,C
106284,B
106285,A
106286,B
106287,C
106288,A
106289,D
106290,D
106291,B
106292,B
106293,A
106294,B
106295,B
106296,C
106297,A
106298,D
106299,B
106300,B
106301,A
106302,A
106303,A
106304,C
106305,D
106306,C
106307,C
106308,C
106309,D
106310,D
106311,C
106312,B
106313,B
106314,A
106315,B
106316,A
106317,D
106318,D
106319,B
106320,A
106321,C
106322,D
106323,D
106324,C
106325,B
106326,B
106327,B
106328,A
106329,A
106330,D
106331,B
106332,B
106333,D
106334,C
106335,B
106336,C
106337,D
106338,C
106339,A
106340,A
106341,D
106342,A
106343,D
106344,C
106345,B
106346,B
106347,A
106348,A
106349,A
106350,D
106351,B
106352,B
106353,B
106354,B
106355,C
106356,C
106357,B
106358,B
106359,A
106360,D
106361,C
106362,C
106363,C
106364,B
106365,D
106366,A
106367,B
106368,A
106369,D
106370,D
106371,C
106372,C
106373,D
106374,C
106375,B
106376,B
106377,D
106378,A
106379,A
106380,C
106381,A
106382,D
106383,C
106384,B
106385,C
106386,B
106387,B
106388,A
106389,D
106390,C
106391,D
106392,D
106393,C
106394,C
106395,A
106396,C
106397,C
106398,C
106399,B
106400,B
106401,A
106402,A
106403,C
106404,D
106405,A
106406,D
106407,D
106408,B
106409,A
106410,A
106411,D
106412,D
106413,A
106414,C
106415,D
106416,B
106417,A
106418,B
106419,B
106420,A
106421,C
106422,C
106423,B
106424,B
106425,D
106426,D
106427,A
106428,C
106429,D
106430,D
106431,A
106432,A
106433,D
106434,D
106435,C
106436,C
106437,C
106438,B
106439,D
106440,D
106441,B
106442,D
106443,C
106444,A
106445,B
106446,B
106447,B
106448,C
106449,D
106450,A
106451,C
106452,D
106453,A
106454,A
106455,A
106456,D
106457,D
106458,D
106459,C
106460,A
106461,A
106462,D
106463,B
106464,B
106465,A
106466,B
106467,D
106468,D
106469,A
106470,D
106471,C
106472,B
106473,A
106474,A
106475,C
106476,C
106477,D
106478,D
106479,D
106480,B
106481,A
106482,C
106483,B
106484,D
106485,D
106486,A
106487,B
106488,B
106489,A
106490,C
106491,B
106492,A
106493,C
106494,A
106495,C
106496,B
106497,D
106498,D
106499,C
106500,C
106501,D
106502,C
106503,B
106504,B
106505,B
106506,A
106507,D
106508,D
106509,C
106510,C
106511,A
106512,A
106513,D
106514,B
106515,A
106516,D
106517,D
106518,B
106519,A
106520,C
106521,A
106522,C
106523,B
106524,C
106525,B
106526,D
106527,A
106528,C
106529,D
106530,C
106531,C
106532,A
106533,A
106534,C
106535,A
106536,C
106537,D
106538,C
106539,B
106540,C
106541,C
106542,C
106543,B
106544,B
106545,B
106546,D
106547,C
106548,A
106549,C
106550,D
106551,C
106552,B
106553,B
106554,D
106555,B
106556,D
106557,C
106558,B
106559,D
106560,B
106561,B
106562,B
106563,B
106564,B
106565,D
106566,C
106567,B
106568,C
106569,A
106570,D
106571,D
106572,D
106573,D
106574,B
106575,D
106576,D
106577,B
106578,A
106579,A
106580,D
106581,C
106582,D
106583,A
106584,B
106585,D
106586,B
106587,B
106588,D
106589,D
106590,D
106591,B
106592,A
106593,D
106594,B
106595,D
106596,B
106597,D
106598,A
106599,C
106600,C
106601,D
106602,D
106603,C
106604,A
106605,B
106606,A
106607,B
106608,D
106609,A
106610,A
106611,A
106612,A
106613,B
106614,A
106615,A
106616,D
106617,C
106618,A
106619,B
106620,D
106621,C
106622,B
106623,B
106624,D
106625,C
106626,D
106627,D
106628,A
106629,A
106630,D
106631,C
106632,B
106633,C
106634,B
106635,B
106636,C
106637,C
106638,D
106639,C
106640,A
106641,B
106642,A
106643,A
106644,C
106645,C
106646,A
106647,B
106648,D
106649,A
106650,A
106651,B
106652,B
106653,B
106654,A
106655,B
106656,C
106657,A
106658,B
106659,C
106660,D
106661,B
106662,D
106663,A
106664,C
106665,D
106666,C
106667,D
106668,D
106669,A
106670,D
106671,B
106672,B
106673,C
106674,C
106675,B
106676,C
106677,B
106678,B
106679,A
106680,C
106681,D
106682,C
106683,D
106684,A
106685,C
106686,A
106687,D
106688,D
106689,D
106690,C
106691,A
106692,C
106693,B
106694,A
106695,A
106696,C
106697,D
106698,C
106699,A
106700,C
106701,D
106702,B
106703,D
106704,D
106705,C
106706,A
106707,B
106708,B
106709,B
106710,C
106711,D
106712,B
106713,A
106714,C
106715,B
106716,C
106717,A
106718,A
106719,D
106720,D
106721,B
106722,A
106723,A
106724,B
106725,C
106726,A
106727,B
106728,B
106729,C
106730,B
106731,C
106732,D
106733,D
106734,A
106735,A
106736,A
106737,C
106738,C
106739,B
106740,A
106741,B
106742,C
106743,C
106744,C
106745,B
106746,C
106747,D
106748,D
106749,C
106750,A
106751,B
106752,B
106753,D
106754,D
106755,B
106756,D
106757,A
106758,A
106759,C
106760,B
106761,B
106762,C
106763,D
106764,B
106765,D
106766,C
106767,D
106768,B
106769,A
106770,B
106771,D
106772,B
106773,D
106774,D
106775,D
106776,C
106777,A
106778,D
106779,C
106780,D
106781,C
106782,C
106783,C
106784,C
106785,B
106786,D
106787,A
106788,B
106789,D
106790,D
106791,D
106792,D
106793,D
106794,D
106795,A
106796,D
106797,D
106798,C
106799,C
106800,B
106801,B
106802,D
106803,A
106804,C
106805,C
106806,A
106807,A
106808,A
106809,B
106810,C
106811,D
106812,B
106813,A
106814,A
106815,B
106816,A
106817,C
106818,D
106819,A
106820,A
106821,C
106822,C
106823,A
106824,B
106825,B
106826,A
106827,A
106828,D
106829,C
106830,D
106831,D
106832,C
106833,A
106834,A
106835,C
106836,C
106837,B
106838,C
106839,C
106840,C
106841,C
106842,B
106843,A
106844,D
106845,B
106846,B
106847,C
106848,D
106849,B
106850,B
106851,C
106852,C
106853,D
106854,D
106855,A
106856,C
106857,B
106858,A
106859,D
106860,A
106861,A
106862,D
106863,C
106864,C
106865,B
106866,A
106867,C
106868,D
106869,A
106870,D
106871,D
106872,C
106873,C
106874,A
106875,A
106876,C
106877,B
106878,A
106879,D
106880,C
106881,D
106882,D
106883,B
106884,D
106885,A
106886,B
106887,B
106888,D
106889,B
106890,D
106891,C
106892,A
106893,D
106894,C
106895,A
106896,A
106897,B
106898,A
106899,D
106900,D
106901,A
106902,B
106903,D
106904,A
106905,D
106906,A
106907,B
106908,A
106909,D
106910,D
106911,C
106912,B
106913,B
106914,B
106915,B
106916,A
106917,C
106918,D
106919,D
106920,C
106921,C
106922,D
106923,A
106924,A
106925,C
106926,A
106927,B
106928,B
106929,D
106930,C
106931,A
106932,A
106933,A
106934,D
106935,B
106936,C
106937,D
106938,A
106939,C
106940,A
106941,A
106942,A
106943,B
106944,B
106945,D
106946,B
106947,A
106948,D
106949,A
106950,C
106951,B
106952,A
106953,D
106954,C
106955,D
106956,C
106957,B
106958,C
106959,D
106960,B
106961,C
106962,D
106963,A
106964,A
106965,B
106966,D
106967,C
106968,A
106969,A
106970,A
106971,A
106972,D
106973,C
106974,D
106975,C
106976,B
106977,B
106978,B
106979,A
106980,A
106981,C
106982,A
106983,C
106984,D
106985,B
106986,C
106987,C
106988,A
106989,D
106990,D
106991,C
106992,D
106993,C
106994,D
106995,A
106996,D
106997,B
106998,B
106999,D
107000,D
107001,A
107002,B
107003,D
107004,C
107005,A
107006,D
107007,D
107008,D
107009,B
107010,B
107011,D
107012,A
107013,D
107014,A
107015,C
107016,C
107017,C
107018,C
107019,A
107020,D
107021,D
107022,D
107023,D
107024,B
107025,B
107026,C
107027,A
107028,D
107029,A
107030,C
107031,C
107032,D
107033,B
107034,A
107035,B
107036,C
107037,C
107038,D
107039,D
107040,D
107041,C
107042,C
107043,C
107044,C
107045,A
107046,A
107047,B
107048,D
107049,B
107050,B
107051,B
107052,B
107053,A
107054,D
107055,B
107056,B
107057,C
107058,D
107059,D
107060,D
107061,A
107062,D
107063,D
107064,C
107065,C
107066,A
107067,D
107068,B
107069,D
107070,B
107071,B
107072,C
107073,A
107074,C
107075,B
107076,A
107077,C
107078,B
107079,D
107080,A
107081,A
107082,B
107083,C
107084,A
107085,B
107086,B
107087,B
107088,B
107089,D
107090,D
107091,C
107092,B
107093,C
107094,A
107095,B
107096,C
107097,C
107098,A
107099,B
107100,A
107101,C
107102,A
107103,B
107104,C
107105,B
107106,A
107107,B
107108,D
107109,D
107110,A
107111,B
107112,A
107113,B
107114,C
107115,D
107116,A
107117,B
107118,A
107119,D
107120,C
107121,C
107122,D
107123,A
107124,D
107125,D
107126,B
107127,D
107128,C
107129,C
107130,D
107131,B
107132,B
107133,B
107134,D
107135,C
107136,B
107137,D
107138,C
107139,B
107140,A
107141,B
107142,A
107143,C
107144,A
107145,A
107146,C
107147,C
107148,B
107149,B
107150,D
107151,A
107152,D
107153,C
107154,A
107155,D
107156,A
107157,D
107158,D
107159,A
107160,A
107161,B
107162,A
107163,D
107164,D
107165,D
107166,B
107167,C
107168,A
107169,D
107170,C
107171,A
107172,B
107173,A
107174,B
107175,A
107176,B
107177,A
107178,A
107179,D
107180,C
107181,C
107182,D
107183,A
107184,D
107185,A
107186,A
107187,A
107188,A
107189,C
107190,D
107191,B
107192,D
107193,B
107194,B
107195,B
107196,D
107197,B
107198,D
107199,D
107200,B
107201,C
107202,D
107203,B
107204,B
107205,B
107206,C
107207,B
107208,B
107209,B
107210,C
107211,B
107212,B
107213,C
107214,A
107215,A
107216,A
107217,C
107218,B
107219,B
107220,B
107221,A
107222,D
107223,D
107224,C
107225,A
107226,B
107227,C
107228,C
107229,D
107230,B
107231,B
107232,C
107233,A
107234,D
107235,B
107236,A
107237,A
107238,D
107239,D
107240,C
107241,B
107242,B
107243,A
107244,A
107245,D
107246,D
107247,A
107248,C
107249,B
107250,B
107251,A
107252,A
107253,D
107254,C
107255,C
107256,A
107257,A
107258,C
107259,D
107260,A
107261,B
107262,A
107263,C
107264,A
107265,D
107266,B
107267,D
107268,C
107269,A
107270,C
107271,D
107272,C
107273,D
107274,A
107275,A
107276,C
107277,D
107278,D
107279,D
107280,D
107281,A
107282,A
107283,B
107284,D
107285,D
107286,D
107287,C
107288,D
107289,C
107290,D
107291,A
107292,C
107293,A
107294,A
107295,A
107296,C
107297,C
107298,D
107299,A
107300,B
107301,A
107302,D
107303,D
107304,C
107305,B
107306,B
107307,A
107308,B
107309,B
107310,A
107311,D
107312,A
107313,D
107314,D
107315,C
107316,D
107317,A
107318,A
107319,C
107320,A
107321,D
107322,A
107323,B
107324,A
107325,C
107326,D
107327,D
107328,A
107329,D
107330,B
107331,C
107332,D
107333,D
107334,A
107335,B
107336,D
107337,B
107338,D
107339,A
107340,B
107341,A
107342,B
107343,A
107344,C
107345,C
107346,B
107347,C
107348,C
107349,B
107350,D
107351,B
107352,D
107353,A
107354,D
107355,A
107356,D
107357,D
107358,D
107359,C
107360,A
107361,C
107362,C
107363,D
107364,B
107365,A
107366,C
107367,A
107368,A
107369,D
107370,C
107371,A
107372,A
107373,A
107374,C
107375,A
107376,D
107377,B
107378,A
107379,B
107380,D
107381,D
107382,D
107383,B
107384,D
107385,A
107386,B
107387,A
107388,C
107389,B
107390,C
107391,C
107392,C
107393,C
107394,B
107395,C
107396,C
107397,A
107398,D
107399,C
107400,C
107401,C
107402,C
107403,D
107404,C
107405,D
107406,D
107407,D
107408,C
107409,C
107410,A
107411,C
107412,C
107413,A
107414,B
107415,B
107416,B
107417,A
107418,C
107419,A
107420,C
107421,C
107422,D
107423,A
107424,C
107425,B
107426,C
107427,A
107428,A
107429,A
107430,D
107431,A
107432,C
107433,B
107434,C
107435,D
107436,D
107437,B
107438,D
107439,D
107440,C
107441,D
107442,B
107443,A
107444,C
107445,C
107446,B
107447,D
107448,D
107449,B
107450,C
107451,D
107452,C
107453,A
107454,C
107455,A
107456,C
107457,A
107458,B
107459,D
107460,C
107461,D
107462,A
107463,B
107464,D
107465,D
107466,A
107467,D
107468,A
107469,A
107470,B
107471,D
107472,C
107473,B
107474,B
107475,C
107476,B
107477,D
107478,A
107479,D
107480,D
107481,C
107482,D
107483,D
107484,D
107485,A
107486,D
107487,B
107488,A
107489,C
107490,B
107491,C
107492,A
107493,D
107494,C
107495,D
107496,A
107497,D
107498,D
107499,D
107500,D
107501,C
107502,D
107503,C
107504,D
107505,B
107506,C
107507,A
107508,B
107509,B
107510,B
107511,A
107512,A
107513,D
107514,C
107515,B
107516,C
107517,D
107518,D
107519,A
107520,C
107521,C
107522,D
107523,B
107524,A
107525,C
107526,B
107527,B
107528,C
107529,A
107530,C
107531,C
107532,B
107533,B
107534,D
107535,D
107536,D
107537,B
107538,A
107539,C
107540,D
107541,A
107542,C
107543,C
107544,C
107545,A
107546,D
107547,D
107548,B
107549,A
107550,C
107551,A
107552,D
107553,B
107554,D
107555,C
107556,A
107557,A
107558,C
107559,B
107560,B
107561,B
107562,A
107563,D
107564,D
107565,D
107566,D
107567,A
107568,D
107569,A
107570,A
107571,C
107572,C
107573,B
107574,B
107575,B
107576,A
107577,B
107578,A
107579,A
107580,B
107581,C
107582,A
107583,D
107584,A
107585,A
107586,C
107587,B
107588,C
107589,B
107590,A
107591,A
107592,B
107593,A
107594,A
107595,C
107596,B
107597,B
107598,C
107599,D
107600,B
107601,D
107602,B
107603,A
107604,D
107605,A
107606,A
107607,C
107608,B
107609,C
107610,C
107611,B
107612,A
107613,C
107614,D
107615,B
107616,A
107617,A
107618,A
107619,A
107620,B
107621,A
107622,D
107623,A
107624,A
107625,D
107626,C
107627,C
107628,D
107629,B
107630,D
107631,A
107632,D
107633,B
107634,C
107635,C
107636,A
107637,A
107638,D
107639,B
107640,A
107641,A
107642,D
107643,D
107644,C
107645,C
107646,D
107647,B
107648,C
107649,A
107650,B
107651,B
107652,A
107653,A
107654,D
107655,A
107656,C
107657,C
107658,C
107659,A
107660,D
107661,C
107662,C
107663,B
107664,D
107665,D
107666,D
107667,A
107668,A
107669,B
107670,D
107671,C
107672,B
107673,D
107674,C
107675,C
107676,B
107677,C
107678,D
107679,A
107680,B
107681,D
107682,A
107683,B
107684,D
107685,A
107686,A
107687,A
107688,A
107689,D
107690,A
107691,D
107692,D
107693,C
107694,C
107695,A
107696,D
107697,A
107698,D
107699,B
107700,B
107701,D
107702,C
107703,C
107704,B
107705,A
107706,C
107707,C
107708,B
107709,C
107710,C
107711,D
107712,A
107713,C
107714,B
107715,B
107716,D
107717,B
107718,D
107719,A
107720,D
107721,B
107722,A
107723,C
107724,B
107725,C
107726,D
107727,A
107728,C
107729,D
107730,C
107731,B
107732,A
107733,A
107734,B
107735,B
107736,B
107737,A
107738,B
107739,B
107740,C
107741,A
107742,D
107743,C
107744,C
107745,B
107746,B
107747,C
107748,A
107749,B
107750,B
107751,D
107752,D
107753,A
107754,A
107755,A
107756,D
107757,A
107758,A
107759,A
107760,A
107761,C
107762,B
107763,B
107764,B
107765,C
107766,B
107767,A
107768,C
107769,C
107770,B
107771,A
107772,B
107773,D
107774,A
107775,C
107776,D
107777,D
107778,A
107779,D
107780,A
107781,D
107782,A
107783,B
107784,B
107785,B
107786,D
107787,D
107788,B
107789,C
107790,C
107791,B
107792,B
107793,C
107794,A
107795,D
107796,D
107797,D
107798,C
107799,A
107800,D
107801,C
107802,A
107803,A
107804,A
107805,A
107806,A
107807,B
107808,C
107809,B
107810,D
107811,C
107812,C
107813,B
107814,B
107815,B
107816,A
107817,C
107818,A
107819,B
107820,D
107821,B
107822,A
107823,C
107824,B
107825,D
107826,D
107827,D
107828,A
107829,C
107830,B
107831,C
107832,B
107833,D
107834,C
107835,D
107836,A
107837,D
107838,B
107839,C
107840,D
107841,A
107842,B
107843,C
107844,D
107845,D
107846,B
107847,C
107848,A
107849,D
107850,B
107851,C
107852,C
107853,C
107854,C
107855,B
107856,C
107857,B
107858,B
107859,C
107860,B
107861,D
107862,B
107863,A
107864,C
107865,A
107866,B
107867,D
107868,A
107869,A
107870,B
107871,C
107872,A
107873,C
107874,A
107875,B
107876,A
107877,A
107878,C
107879,A
107880,C
107881,A
107882,D
107883,B
107884,A
107885,B
107886,B
107887,C
107888,B
107889,A
107890,A
107891,C
107892,D
107893,D
107894,D
107895,B
107896,C
107897,A
107898,A
107899,D
107900,C
107901,A
107902,B
107903,B
107904,A
107905,B
107906,B
107907,C
107908,A
107909,D
107910,B
107911,A
107912,C
107913,A
107914,A
107915,B
107916,A
107917,C
107918,C
107919,A
107920,C
107921,D
107922,A
107923,D
107924,D
107925,B
107926,D
107927,D
107928,B
107929,C
107930,D
107931,A
107932,D
107933,D
107934,B
107935,A
107936,A
107937,A
107938,D
107939,A
107940,C
107941,A
107942,C
107943,A
107944,B
107945,C
107946,B
107947,D
107948,A
107949,D
107950,B
107951,D
107952,D
107953,C
107954,D
107955,A
107956,B
107957,D
107958,C
107959,D
107960,D
107961,B
107962,B
107963,A
107964,A
107965,D
107966,D
107967,D
107968,B
107969,C
107970,B
107971,C
107972,C
107973,A
107974,A
107975,A
107976,A
107977,A
107978,C
107979,C
107980,C
107981,C
107982,A
107983,D
107984,A
107985,B
107986,A
107987,B
107988,A
107989,B
107990,A
107991,D
107992,B
107993,C
107994,B
107995,C
107996,B
107997,D
107998,B
107999,C
108000,D
108001,D
108002,B
108003,C
108004,A
108005,A
108006,B
108007,B
108008,C
108009,C
108010,C
108011,D
108012,B
108013,A
108014,C
108015,C
108016,B
108017,B
108018,D
108019,B
108020,D
108021,B
108022,B
108023,C
108024,B
108025,C
108026,A
108027,D
108028,C
108029,D
108030,B
108031,B
108032,C
108033,C
108034,B
108035,C
108036,D
108037,C
108038,C
108039,B
108040,B
108041,B
108042,B
108043,A
108044,A
108045,C
108046,D
108047,C
108048,D
108049,D
108050,D
108051,C
108052,D
108053,A
108054,B
108055,B
108056,B
108057,B
108058,C
108059,A
108060,B
108061,A
108062,A
108063,D
108064,D
108065,A
108066,D
108067,B
108068,C
108069,B
108070,B
108071,B
108072,D
108073,B
108074,D
108075,C
108076,A
108077,D
108078,B
108079,D
108080,A
108081,B
108082,B
108083,C
108084,D
108085,D
108086,B
108087,A
108088,C
108089,D
108090,C
108091,A
108092,C
108093,A
108094,B
108095,C
108096,A
108097,D
108098,B
108099,C
108100,A
108101,B
108102,C
108103,B
108104,A
108105,C
108106,C
108107,B
108108,D
108109,D
108110,C
108111,B
108112,C
108113,D
108114,D
108115,A
108116,B
108117,C
108118,C
108119,D
108120,C
108121,B
108122,B
108123,D
108124,A
108125,A
108126,A
108127,C
108128,D
108129,B
108130,B
108131,D
108132,D
108133,A
108134,B
108135,C
108136,B
108137,D
108138,A
108139,A
108140,B
108141,D
108142,B
108143,A
108144,C
108145,B
108146,D
108147,C
108148,D
108149,C
108150,C
108151,C
108152,D
108153,A
108154,A
108155,A
108156,D
108157,D
108158,D
108159,D
108160,A
108161,A
108162,D
108163,B
108164,D
108165,B
108166,D
108167,A
108168,C
108169,D
108170,A
108171,A
108172,A
108173,A
108174,B
108175,D
108176,C
108177,A
108178,C
108179,A
108180,C
108181,C
108182,C
108183,A
108184,D
108185,D
108186,C
108187,C
108188,A
108189,D
108190,C
108191,A
108192,C
108193,B
108194,B
108195,A
108196,A
108197,B
108198,C
108199,B
108200,B
108201,A
108202,D
108203,C
108204,A
108205,B
108206,A
108207,C
108208,A
108209,A
108210,A
108211,D
108212,C
108213,C
108214,C
108215,B
108216,C
108217,B
108218,A
108219,A
108220,B
108221,D
108222,C
108223,B
108224,B
108225,C
108226,C
108227,B
108228,C
108229,A
108230,A
108231,A
108232,C
108233,B
108234,A
108235,C
108236,D
108237,D
108238,A
108239,B
108240,D
108241,B
108242,A
108243,D
108244,C
108245,A
108246,C
108247,D
108248,C
108249,A
108250,B
108251,C
108252,D
108253,D
108254,A
108255,A
108256,D
108257,D
108258,A
108259,B
108260,A
108261,C
108262,B
108263,D
108264,C
108265,D
108266,D
108267,B
108268,B
108269,D
108270,D
108271,D
108272,D
108273,D
108274,A
108275,C
108276,C
108277,A
108278,C
108279,C
108280,C
108281,C
108282,C
108283,A
108284,D
108285,C
108286,B
108287,A
108288,B
108289,C
108290,A
108291,B
108292,D
108293,B
108294,C
108295,C
108296,A
108297,D
108298,C
108299,C
108300,C
108301,A
108302,D
108303,D
108304,B
108305,D
108306,B
108307,A
108308,D
108309,D
108310,C
108311,D
108312,C
108313,A
108314,C
108315,A
108316,C
108317,A
108318,B
108319,A
108320,C
108321,B
108322,C
108323,C
108324,C
108325,A
108326,D
108327,B
108328,C
108329,D
108330,B
108331,B
108332,A
108333,D
108334,D
108335,B
108336,A
108337,C
108338,D
108339,D
108340,D
108341,D
108342,C
108343,C
108344,C
108345,D
108346,C
108347,D
108348,D
108349,C
108350,C
108351,B
108352,C
108353,D
108354,D
108355,A
108356,C
108357,C
108358,A
108359,C
108360,A
108361,B
108362,B
108363,D
108364,D
108365,C
108366,A
108367,D
108368,C
108369,C
108370,C
108371,B
108372,B
108373,B
108374,B
108375,D
108376,C
108377,A
108378,D
108379,D
108380,B
108381,C
108382,A
108383,C
108384,C
108385,D
108386,D
108387,A
108388,A
108389,A
108390,B
108391,C
108392,D
108393,B
108394,A
108395,C
108396,C
108397,D
108398,B
108399,B
108400,B
108401,B
108402,C
108403,A
108404,A
108405,C
108406,A
108407,C
108408,C
108409,A
108410,D
108411,D
108412,D
108413,C
108414,C
108415,A
108416,D
108417,B
108418,C
108419,B
108420,A
108421,B
108422,A
108423,C
108424,A
108425,D
108426,B
108427,D
108428,C
108429,B
108430,D
108431,D
108432,D
108433,D
108434,B
108435,A
108436,B
108437,B
108438,A
108439,A
108440,C
108441,C
108442,C
108443,C
108444,D
108445,D
108446,D
108447,C
108448,C
108449,D
108450,D
108451,B
108452,B
108453,D
108454,B
108455,D
108456,A
108457,A
108458,D
108459,B
108460,D
108461,B
108462,B
108463,A
108464,D
108465,B
108466,C
108467,C
108468,A
108469,C
108470,D
108471,B
108472,C
108473,C
108474,B
108475,A
108476,D
108477,A
108478,A
108479,D
108480,A
108481,B
108482,C
108483,B
108484,B
108485,A
108486,A
108487,D
108488,A
108489,B
108490,A
108491,B
108492,D
108493,D
108494,B
108495,C
108496,B
108497,D
108498,D
108499,B
108500,D
108501,C
108502,B
108503,B
108504,C
108505,A
108506,A
108507,A
108508,C
108509,C
108510,C
108511,B
108512,C
108513,B
108514,D
108515,B
108516,A
108517,A
108518,A
108519,C
108520,C
108521,D
108522,B
108523,D
108524,B
108525,D
108526,A
108527,C
108528,D
108529,C
108530,D
108531,D
108532,D
108533,A
108534,A
108535,A
108536,D
108537,C
108538,B
108539,B
108540,D
108541,C
108542,D
108543,B
108544,B
108545,C
108546,C
108547,B
108548,B
108549,B
108550,B
108551,C
108552,C
108553,C
108554,D
108555,D
108556,B
108557,A
108558,A
108559,D
108560,C
108561,D
108562,D
108563,D
108564,A
108565,B
108566,C
108567,A
108568,C
108569,A
108570,B
108571,A
108572,A
108573,D
108574,D
108575,A
108576,D
108577,C
108578,B
108579,B
108580,D
108581,C
108582,D
108583,C
108584,B
108585,D
108586,B
108587,D
108588,C
108589,C
108590,D
108591,B
108592,B
108593,C
108594,B
108595,A
108596,B
108597,C
108598,B
108599,A
108600,D
108601,B
108602,B
108603,D
108604,A
108605,B
108606,C
108607,D
108608,D
108609,A
108610,C
108611,D
108612,A
108613,C
108614,C
108615,B
108616,B
108617,D
108618,B
108619,D
108620,A
108621,A
108622,B
108623,B
108624,A
108625,A
108626,D
108627,A
108628,D
108629,D
108630,D
108631,D
108632,A
108633,D
108634,D
108635,A
108636,D
108637,C
108638,D
108639,D
108640,D
108641,B
108642,A
108643,B
108644,D
108645,B
108646,A
108647,D
108648,D
108649,A
108650,C
108651,D
108652,A
108653,A
108654,B
108655,B
108656,C
108657,B
108658,C
108659,B
108660,B
108661,A
108662,D
108663,D
108664,B
108665,A
108666,B
108667,D
108668,B
108669,D
108670,A
108671,A
108672,D
108673,D
108674,B
108675,B
108676,C
108677,C
108678,B
108679,D
108680,C
108681,B
108682,B
108683,A
108684,B
108685,B
108686,A
108687,A
108688,B
108689,B
108690,B
108691,C
108692,C
108693,D
108694,D
108695,A
108696,A
108697,B
108698,A
108699,C
108700,B
108701,B
108702,D
108703,A
108704,C
108705,D
108706,A
108707,B
108708,C
108709,A
108710,A
108711,A
108712,C
108713,D
108714,C
108715,A
108716,A
108717,A
108718,D
108719,C
108720,B
108721,A
108722,B
108723,D
108724,C
108725,B
108726,A
108727,B
108728,B
108729,C
108730,A
108731,C
108732,D
108733,C
108734,D
108735,D
108736,D
108737,A
108738,D
108739,C
108740,B
108741,D
108742,A
108743,A
108744,C
108745,B
108746,C
108747,C
108748,B
108749,C
108750,C
108751,C
108752,A
108753,B
108754,C
108755,C
108756,D
108757,D
108758,C
108759,C
108760,B
108761,B
108762,C
108763,B
108764,D
108765,A
108766,A
108767,D
108768,B
108769,B
108770,C
108771,D
108772,B
108773,C
108774,A
108775,B
108776,A
108777,A
108778,B
108779,C
108780,C
108781,B
108782,A
108783,A
108784,C
108785,D
108786,C
108787,A
108788,B
108789,D
108790,C
108791,C
108792,D
108793,D
108794,A
108795,B
108796,A
108797,D
108798,D
108799,C
108800,B
108801,A
108802,C
108803,C
108804,C
108805,D
108806,A
108807,A
108808,D
108809,A
108810,D
108811,C
108812,D
108813,D
108814,C
108815,D
108816,C
108817,B
108818,D
108819,D
108820,D
108821,B
108822,B
108823,A
108824,A
108825,B
108826,D
108827,D
108828,A
108829,D
108830,A
108831,A
108832,D
108833,A
108834,C
108835,C
108836,D
108837,B
108838,D
108839,A
108840,C
108841,D
108842,A
108843,D
108844,C
108845,A
108846,D
108847,C
108848,B
108849,B
108850,C
108851,B
108852,C
108853,C
108854,B
108855,D
108856,D
108857,D
108858,B
108859,D
108860,D
108861,A
108862,B
108863,A
108864,B
108865,D
108866,C
108867,D
108868,C
108869,B
108870,D
108871,B
108872,D
108873,A
108874,A
108875,A
108876,B
108877,A
108878,B
108879,D
108880,D
108881,A
108882,C
108883,B
108884,A
108885,C
108886,C
108887,C
108888,D
108889,A
108890,B
108891,A
108892,A
108893,C
108894,A
108895,A
108896,C
108897,C
108898,B
108899,A
108900,A
108901,B
108902,D
108903,B
108904,C
108905,A
108906,A
108907,C
108908,A
108909,C
108910,D
108911,C
108912,A
108913,A
108914,B
108915,A
108916,B
108917,B
108918,A
108919,B
108920,B
108921,A
108922,D
108923,D
108924,B
108925,D
108926,B
108927,A
108928,B
108929,C
108930,A
108931,A
108932,A
108933,B
108934,D
108935,D
108936,D
108937,D
108938,C
108939,B
108940,B
108941,D
108942,B
108943,A
108944,A
108945,B
108946,D
108947,D
108948,A
108949,D
108950,A
108951,C
108952,B
108953,D
108954,D
108955,A
108956,D
108957,C
108958,C
108959,C
108960,D
108961,A
108962,B
108963,D
108964,B
108965,B
108966,D
108967,A
108968,D
108969,B
108970,B
108971,C
108972,D
108973,D
108974,D
108975,A
108976,B
108977,A
108978,B
108979,C
108980,A
108981,A
108982,C
108983,B
108984,C
108985,B
108986,C
108987,A
108988,B
108989,A
108990,A
108991,B
108992,B
108993,A
108994,D
108995,B
108996,C
108997,D
108998,C
108999,C
109000,D
109001,B
109002,D
109003,A
109004,C
109005,A
109006,A
109007,C
109008,A
109009,C
109010,B
109011,C
109012,C
109013,A
109014,C
109015,B
109016,A
109017,A
109018,C
109019,B
109020,D
109021,D
109022,D
109023,B
109024,C
109025,B
109026,A
109027,C
109028,C
109029,A
109030,A
109031,D
109032,B
109033,B
109034,A
109035,C
109036,C
109037,D
109038,A
109039,A
109040,B
109041,D
109042,D
109043,D
109044,C
109045,D
109046,A
109047,B
109048,C
109049,A
109050,C
109051,A
109052,B
109053,B
109054,C
109055,D
109056,C
109057,D
109058,C
109059,D
109060,A
109061,D
109062,D
109063,A
109064,A
109065,B
109066,D
109067,B
109068,B
109069,A
109070,C
109071,D
109072,B
109073,C
109074,A
109075,A
109076,C
109077,D
109078,B
109079,A
109080,A
109081,A
109082,A
109083,C
109084,C
109085,D
109086,D
109087,B
109088,C
109089,D
109090,A
109091,C
109092,A
109093,C
109094,A
109095,D
109096,C
109097,C
109098,A
109099,B
109100,B
109101,C
109102,C
109103,A
109104,C
109105,C
109106,C
109107,D
109108,C
109109,A
109110,B
109111,B
109112,D
109113,B
109114,B
109115,A
109116,B
109117,D
109118,D
109119,D
109120,B
109121,A
109122,D
109123,A
109124,C
109125,C
109126,A
109127,C
109128,D
109129,B
109130,B
109131,B
109132,C
109133,B
109134,C
109135,A
109136,D
109137,D
109138,C
109139,A
109140,A
109141,B
109142,D
109143,B
109144,A
109145,B
109146,C
109147,D
109148,B
109149,D
109150,D
109151,D
109152,B
109153,D
109154,A
109155,A
109156,D
109157,A
109158,C
109159,D
109160,A
109161,B
109162,B
109163,A
109164,B
109165,A
109166,D
109167,D
109168,B
109169,B
109170,A
109171,B
109172,D
109173,A
109174,A
109175,C
109176,B
109177,B
109178,D
109179,B
109180,B
109181,A
109182,D
109183,C
109184,A
109185,B
109186,A
109187,C
109188,A
109189,A
109190,D
109191,B
109192,D
109193,D
109194,A
109195,C
109196,C
109197,D
109198,C
109199,C
109200,A
109201,B
109202,A
109203,C
109204,A
109205,A
109206,D
109207,D
109208,D
109209,C
109210,C
109211,D
109212,D
109213,C
109214,B
109215,B
109216,C
109217,A
109218,A
109219,D
109220,D
109221,D
109222,B
109223,B
109224,B
109225,B
109226,B
109227,C
109228,A
109229,B
109230,D
109231,D
109232,C
109233,B
109234,C
109235,C
109236,D
109237,B
109238,A
109239,A
109240,B
109241,A
109242,D
109243,B
109244,D
109245,B
109246,C
109247,D
109248,D
109249,C
109250,C
109251,C
109252,A
109253,C
109254,C
109255,C
109256,C
109257,C
109258,D
109259,B
109260,B
109261,B
109262,D
109263,C
109264,A
109265,B
109266,A
109267,C
109268,B
109269,C
109270,C
109271,C
109272,A
109273,D
109274,A
109275,C
109276,D
109277,A
109278,B
109279,A
109280,B
109281,C
109282,B
109283,B
109284,B
109285,C
109286,A
109287,D
109288,C
109289,C
109290,D
109291,A
109292,B
109293,D
109294,C
109295,D
109296,A
109297,A
109298,A
109299,C
109300,A
109301,B
109302,D
109303,C
109304,B
109305,D
109306,A
109307,A
109308,D
109309,A
109310,C
109311,D
109312,D
109313,B
109314,C
109315,C
109316,D
109317,C
109318,B
109319,C
109320,C
109321,B
109322,A
109323,C
109324,A
109325,B
109326,B
109327,D
109328,C
109329,D
109330,D
109331,C
109332,B
109333,D
109334,C
109335,C
109336,D
109337,C
109338,C
109339,B
109340,D
109341,B
109342,D
109343,D
109344,B
109345,D
109346,C
109347,D
109348,C
109349,B
109350,B
109351,B
109352,A
109353,A
109354,C
109355,C
109356,A
109357,D
109358,C
109359,A
109360,B
109361,B
109362,A
109363,B
109364,C
109365,D
109366,C
109367,A
109368,A
109369,B
109370,A
109371,A
109372,B
109373,A
109374,A
109375,A
109376,A
109377,A
109378,A
109379,C
109380,B
109381,D
109382,B
109383,C
109384,D
109385,C
109386,B
109387,C
109388,D
109389,C
109390,A
109391,A
109392,C
109393,B
109394,C
109395,C
109396,D
109397,D
109398,D
109399,B
109400,D
109401,C
109402,D
109403,D
109404,A
109405,B
109406,A
109407,A
109408,B
109409,B
109410,C
109411,D
109412,C
109413,A
109414,A
109415,B
109416,D
109417,C
109418,B
109419,B
109420,D
109421,A
109422,B
109423,A
109424,D
109425,B
109426,D
109427,C
109428,D
109429,C
109430,A
109431,C
109432,A
109433,B
109434,D
109435,A
109436,D
109437,A
109438,A
109439,C
109440,C
109441,A
109442,D
109443,C
109444,B
109445,C
109446,B
109447,D
109448,A
109449,C
109450,B
109451,C
109452,A
109453,B
109454,C
109455,B
109456,C
109457,D
109458,A
109459,C
109460,A
109461,A
109462,C
109463,D
109464,A
109465,C
109466,C
109467,C
109468,A
109469,C
109470,C
109471,D
109472,C
109473,B
109474,C
109475,A
109476,B
109477,D
109478,B
109479,A
109480,A
109481,D
109482,A
109483,A
109484,D
109485,A
109486,B
109487,D
109488,C
109489,D
109490,A
109491,B
109492,B
109493,B
109494,D
109495,C
109496,B
109497,B
109498,B
109499,A
109500,C
109501,B
109502,D
109503,C
109504,A
109505,B
109506,D
109507,A
109508,C
109509,B
109510,B
109511,C
109512,D
109513,C
109514,C
109515,C
109516,B
109517,A
109518,C
109519,C
109520,A
109521,D
109522,A
109523,B
109524,B
109525,B
109526,D
109527,D
109528,A
109529,D
109530,A
109531,A
109532,B
109533,C
109534,C
109535,A
109536,A
109537,B
109538,C
109539,A
109540,D
109541,A
109542,A
109543,A
109544,A
109545,B
109546,C
109547,D
109548,A
109549,A
109550,A
109551,D
109552,B
109553,D
109554,B
109555,D
109556,D
109557,C
109558,C
109559,B
109560,A
109561,A
109562,C
109563,A
109564,A
109565,D
109566,D
109567,D
109568,C
109569,C
109570,B
109571,D
109572,C
109573,B
109574,B
109575,D
109576,C
109577,B
109578,C
109579,A
109580,B
109581,A
109582,B
109583,D
109584,A
109585,C
109586,D
109587,C
109588,A
109589,D
109590,C
109591,D
109592,D
109593,B
109594,D
109595,C
109596,A
109597,B
109598,B
109599,D
109600,B
109601,C
109602,B
109603,A
109604,D
109605,B
109606,C
109607,C
109608,C
109609,A
109610,B
109611,D
109612,C
109613,C
109614,A
109615,A
109616,B
109617,B
109618,D
109619,B
109620,D
109621,C
109622,B
109623,D
109624,B
109625,C
109626,A
109627,A
109628,B
109629,B
109630,A
109631,D
109632,C
109633,A
109634,A
109635,A
109636,B
109637,A
109638,D
109639,B
109640,D
109641,C
109642,C
109643,D
109644,C
109645,B
109646,A
109647,A
109648,C
109649,A
109650,C
109651,C
109652,D
109653,A
109654,A
109655,A
109656,B
109657,B
109658,D
109659,C
109660,B
109661,A
109662,C
109663,C
109664,A
109665,D
109666,C
109667,A
109668,B
109669,C
109670,A
109671,A
109672,A
109673,A
109674,A
109675,A
109676,B
109677,C
109678,D
109679,B
109680,A
109681,A
109682,C
109683,C
109684,A
109685,C
109686,A
109687,A
109688,C
109689,A
109690,C
109691,B
109692,B
109693,D
109694,C
109695,B
109696,A
109697,B
109698,C
109699,B
109700,B
109701,C
109702,C
109703,A
109704,C
109705,C
109706,A
109707,C
109708,B
109709,B
109710,B
109711,A
109712,D
109713,B
109714,A
109715,B
109716,B
109717,D
109718,D
109719,A
109720,A
109721,B
109722,B
109723,D
109724,B
109725,C
109726,C
109727,D
109728,B
109729,B
109730,D
109731,A
109732,D
109733,C
109734,B
109735,D
109736,B
109737,C
109738,A
109739,D
109740,D
109741,D
109742,D
109743,B
109744,B
109745,A
109746,D
109747,C
109748,B
109749,D
109750,D
109751,B
109752,C
109753,A
109754,D
109755,A
109756,A
109757,C
109758,C
109759,A
109760,A
109761,A
109762,C
109763,B
109764,D
109765,A
109766,A
109767,B
109768,B
109769,B
109770,A
109771,D
109772,B
109773,A
109774,D
109775,D
109776,C
109777,C
109778,A
109779,C
109780,C
109781,D
109782,B
109783,B
109784,A
109785,B
109786,C
109787,D
109788,A
109789,D
109790,C
109791,C
109792,C
109793,C
109794,D
109795,B
109796,B
109797,A
109798,D
109799,D
109800,A
109801,C
109802,B
109803,A
109804,B
109805,A
109806,A
109807,C
109808,B
109809,C
109810,C
109811,D
109812,C
109813,D
109814,C
109815,B
109816,B
109817,B
109818,B
109819,A
109820,C
109821,B
109822,C
109823,C
109824,B
109825,D
109826,B
109827,D
109828,C
109829,B
109830,A
109831,C
109832,D
109833,D
109834,C
109835,C
109836,A
109837,B
109838,A
109839,D
109840,B
109841,D
109842,A
109843,D
109844,D
109845,D
109846,B
109847,B
109848,A
109849,B
109850,A
109851,D
109852,B
109853,D
109854,B
109855,D
109856,B
109857,C
109858,B
109859,C
109860,C
109861,D
109862,A
109863,D
109864,B
109865,B
109866,A
109867,C
109868,B
109869,A
109870,C
109871,D
109872,D
109873,A
109874,B
109875,B
109876,D
109877,D
109878,D
109879,B
109880,B
109881,C
109882,D
109883,B
109884,B
109885,B
109886,A
109887,A
109888,C
109889,D
109890,A
109891,B
109892,B
109893,D
109894,A
109895,C
109896,D
109897,D
109898,D
109899,D
109900,D
109901,A
109902,D
109903,A
109904,D
109905,D
109906,D
109907,D
109908,C
109909,A
109910,B
109911,A
109912,D
109913,D
109914,A
109915,A
109916,B
109917,D
109918,D
109919,C
109920,D
109921,B
109922,D
109923,B
109924,A
109925,B
109926,C
109927,B
109928,A
109929,C
109930,C
109931,D
109932,B
109933,B
109934,C
109935,B
109936,D
109937,C
109938,B
109939,D
109940,D
109941,C
109942,A
109943,D
109944,D
109945,B
109946,C
109947,A
109948,A
109949,C
109950,A
109951,A
109952,A
109953,B
109954,C
109955,A
109956,D
109957,A
109958,A
109959,B
109960,C
109961,B
109962,D
109963,A
109964,A
109965,A
109966,B
109967,B
109968,A
109969,A
109970,C
109971,C
109972,B
109973,C
109974,D
109975,C
109976,A
109977,C
109978,B
109979,A
109980,B
109981,B
109982,D
109983,A
109984,A
109985,C
109986,A
109987,C
109988,A
109989,C
109990,D
109991,A
109992,B
109993,B
109994,A
109995,D
109996,A
109997,D
109998,B
109999,C
110000,B
110001,B
110002,D
110003,C
110004,D
110005,C
110006,A
110007,C
110008,D
110009,B
110010,D
110011,A
110012,A
110013,C
110014,D
110015,A
110016,C
110017,D
110018,A
110019,D
110020,C
110021,A
110022,D
110023,D
110024,C
110025,A
110026,D
110027,C
110028,C
110029,C
110030,B
110031,D
110032,A
110033,D
110034,B
110035,C
110036,B
110037,A
110038,D
110039,D
110040,B
110041,B
110042,B
110043,B
110044,A
110045,B
110046,B
110047,C
110048,A
110049,B
110050,A
110051,B
110052,C
110053,C
110054,A
110055,C
110056,B
110057,D
110058,A
110059,C
110060,D
110061,A
110062,C
110063,B
110064,D
110065,A
110066,C
110067,C
110068,C
110069,D
110070,D
110071,A
110072,D
110073,C
110074,B
110075,C
110076,A
110077,A
110078,B
110079,D
110080,A
110081,B
110082,D
110083,A
110084,D
110085,D
110086,B
110087,A
110088,A
110089,A
110090,C
110091,C
110092,A
110093,C
110094,A
110095,B
110096,C
110097,B
110098,D
110099,C
110100,D
110101,C
110102,C
110103,B
110104,D
110105,A
110106,D
110107,A
110108,B
110109,B
110110,A
110111,C
110112,B
110113,B
110114,A
110115,A
110116,A
110117,D
110118,B
110119,B
110120,C
110121,B
110122,A
110123,D
110124,D
110125,B
110126,B
110127,C
110128,B
110129,B
110130,A
110131,B
110132,D
110133,C
110134,A
110135,C
110136,B
110137,B
110138,C
110139,C
110140,B
110141,B
110142,C
110143,A
110144,B
110145,C
110146,A
110147,A
110148,A
110149,D
110150,D
110151,A
110152,A
110153,D
110154,B
110155,D
110156,D
110157,C
110158,B
110159,D
110160,D
110161,B
110162,A
110163,B
110164,B
110165,D
110166,A
110167,D
110168,B
110169,A
110170,A
110171,B
110172,C
110173,C
110174,A
110175,A
110176,D
110177,B
110178,C
110179,B
110180,A
110181,D
110182,D
110183,A
110184,B
110185,A
110186,D
110187,C
110188,D
110189,D
110190,D
110191,C
110192,C
110193,D
110194,D
110195,D
110196,B
110197,B
110198,C
110199,C
110200,A
110201,C
110202,D
110203,D
110204,A
110205,D
110206,B
110207,A
110208,B
110209,D
110210,C
110211,D
110212,B
110213,B
110214,A
110215,D
110216,A
110217,C
110218,D
110219,B
110220,A
110221,D
110222,B
110223,C
110224,D
110225,B
110226,B
110227,B
110228,B
110229,B
110230,B
110231,B
110232,D
110233,A
110234,B
110235,D
110236,D
110237,C
110238,A
110239,C
110240,A
110241,C
110242,A
110243,D
110244,C
110245,C
110246,A
110247,B
110248,D
110249,C
110250,C
110251,B
110252,C
110253,C
110254,D
110255,B
110256,C
110257,A
110258,A
110259,A
110260,C
110261,C
110262,B
110263,C
110264,C
110265,D
110266,A
110267,D
110268,A
110269,D
110270,C
110271,D
110272,C
110273,B
110274,A
110275,A
110276,B
110277,D
110278,B
110279,D
110280,C
110281,B
110282,D
110283,D
110284,B
110285,D
110286,D
110287,A
110288,B
110289,D
110290,A
110291,D
110292,C
110293,A
110294,D
110295,A
110296,C
110297,D
110298,A
110299,D
110300,B
110301,A
110302,D
110303,A
110304,B
110305,B
110306,C
110307,C
110308,A
110309,A
110310,A
110311,B
110312,C
110313,B
110314,C
110315,D
110316,A
110317,B
110318,C
110319,C
110320,A
110321,A
110322,C
110323,D
110324,A
110325,C
110326,C
110327,A
110328,D
110329,A
110330,C
110331,C
110332,B
110333,A
110334,D
110335,B
110336,B
110337,D
110338,D
110339,D
110340,A
110341,D
110342,D
110343,B
110344,A
110345,A
110346,C
110347,D
110348,C
110349,A
110350,C
110351,D
110352,D
110353,B
110354,B
110355,A
110356,A
110357,B
110358,B
110359,C
110360,B
110361,B
110362,C
110363,A
110364,A
110365,A
110366,D
110367,A
110368,D
110369,C
110370,C
110371,A
110372,B
110373,C
110374,D
110375,C
110376,B
110377,A
110378,D
110379,D
110380,B
110381,C
110382,D
110383,B
110384,B
110385,B
110386,B
110387,A
110388,D
110389,A
110390,C
110391,B
110392,B
110393,A
110394,B
110395,C
110396,A
110397,B
110398,B
110399,B
110400,D
110401,A
110402,B
110403,B
110404,B
110405,A
110406,C
110407,B
110408,C
110409,D
110410,C
110411,C
110412,D
110413,D
110414,A
110415,C
110416,B
110417,C
110418,B
110419,A
110420,C
110421,C
110422,D
110423,B
110424,A
110425,B
110426,A
110427,B
110428,A
110429,B
110430,D
110431,D
110432,D
110433,A
110434,C
110435,D
110436,D
110437,B
110438,D
110439,C
110440,A
110441,B
110442,D
110443,A
110444,C
110445,C
110446,B
110447,B
110448,C
110449,B
110450,B
110451,B
110452,B
110453,B
110454,A
110455,B
110456,D
110457,C
110458,A
110459,B
110460,C
110461,A
110462,D
110463,C
110464,D
110465,A
110466,B
110467,A
110468,C
110469,D
110470,A
110471,D
110472,A
110473,A
110474,C
110475,A
110476,A
110477,B
110478,C
110479,A
110480,B
110481,A
110482,A
110483,B
110484,B
110485,A
110486,D
110487,A
110488,C
110489,A
110490,B
110491,A
110492,A
110493,B
110494,C
110495,C
110496,B
110497,B
110498,B
110499,D
110500,A
110501,C
110502,D
110503,B
110504,B
110505,D
110506,B
110507,B
110508,B
110509,A
110510,B
110511,D
110512,C
110513,C
110514,C
110515,B
110516,B
110517,B
110518,C
110519,B
110520,A
110521,B
110522,D
110523,B
110524,A
110525,C
110526,D
110527,D
110528,D
110529,C
110530,D
110531,A
110532,B
110533,B
110534,C
110535,D
110536,B
110537,B
110538,B
110539,A
110540,C
110541,A
110542,D
110543,B
110544,B
110545,C
110546,C
110547,C
110548,C
110549,A
110550,D
110551,B
110552,A
110553,C
110554,B
110555,B
110556,B
110557,D
110558,C
110559,A
110560,B
110561,A
110562,C
110563,B
110564,C
110565,D
110566,B
110567,D
110568,D
110569,D
110570,D
110571,C
110572,A
110573,B
110574,D
110575,D
110576,A
110577,C
110578,B
110579,A
110580,B
110581,B
110582,C
110583,B
110584,A
110585,A
110586,D
110587,A
110588,B
110589,A
110590,C
110591,C
110592,C
110593,D
110594,D
110595,A
110596,B
110597,D
110598,D
110599,A
110600,C
110601,C
110602,A
110603,B
110604,A
110605,C
110606,D
110607,B
110608,D
110609,D
110610,A
110611,D
110612,A
110613,D
110614,B
110615,B
110616,A
110617,D
110618,A
110619,C
110620,D
110621,C
110622,B
110623,B
110624,B
110625,A
110626,D
110627,A
110628,A
110629,D
110630,A
110631,A
110632,A